"Run","Run ID","metric","step","timestamp","value"
"burly-cow-885","edb2ff4c23be4b3fbfc01f84f00d289d","train_loss","0","1781478143546","0.8144874809644161"
"burly-cow-885","edb2ff4c23be4b3fbfc01f84f00d289d","train_loss","3","1781478145162","0.5912289208708665"
"burly-cow-885","edb2ff4c23be4b3fbfc01f84f00d289d","train_loss","6","1781478145562","0.47985318494148743"
"burly-cow-885","edb2ff4c23be4b3fbfc01f84f00d289d","train_loss","9","1781478145978","0.4452877680842693"
"burly-cow-885","edb2ff4c23be4b3fbfc01f84f00d289d","train_loss","12","1781478146383","0.45324706257535863"
"burly-cow-885","edb2ff4c23be4b3fbfc01f84f00d289d","train_loss","15","1781478146799","0.4264769348769616"
"burly-cow-885","edb2ff4c23be4b3fbfc01f84f00d289d","train_loss","18","1781478147199","0.40554202567690456"
"burly-cow-885","edb2ff4c23be4b3fbfc01f84f00d289d","train_loss","21","1781478147602","0.40686326961104685"
"burly-cow-885","edb2ff4c23be4b3fbfc01f84f00d289d","train_loss","25","1781478148142","0.42668754913103885"
"burly-cow-885","edb2ff4c23be4b3fbfc01f84f00d289d","train_loss","28","1781478148543","0.41690892420518094"
"burly-cow-885","edb2ff4c23be4b3fbfc01f84f00d289d","train_loss","31","1781478148974","0.4314953269293675"
"burly-cow-885","edb2ff4c23be4b3fbfc01f84f00d289d","train_loss","34","1781478149392","0.42214062494727284"
"burly-cow-885","edb2ff4c23be4b3fbfc01f84f00d289d","train_loss","37","1781478149803","0.4111528921012695"
"burly-cow-885","edb2ff4c23be4b3fbfc01f84f00d289d","train_loss","40","1781478150222","0.4182349756742135"
"burly-cow-885","edb2ff4c23be4b3fbfc01f84f00d289d","train_loss","43","1781478150650","0.39683232141228825"
"burly-cow-885","edb2ff4c23be4b3fbfc01f84f00d289d","train_loss","46","1781478151089","0.40516928573831534"
"burly-cow-885","edb2ff4c23be4b3fbfc01f84f00d289d","train_loss","50","1781478151672","0.41563469448532814"
"burly-cow-885","edb2ff4c23be4b3fbfc01f84f00d289d","train_loss","53","1781478152080","0.40555025856846416"
"burly-cow-885","edb2ff4c23be4b3fbfc01f84f00d289d","train_loss","56","1781478152487","0.4065050195233944"
"burly-cow-885","edb2ff4c23be4b3fbfc01f84f00d289d","train_loss","59","1781478152913","0.419174712151289"
"burly-cow-885","edb2ff4c23be4b3fbfc01f84f00d289d","train_loss","62","1781478153357","0.4144855823654395"
"burly-cow-885","edb2ff4c23be4b3fbfc01f84f00d289d","train_loss","65","1781478153754","0.4120572517888668"
"burly-cow-885","edb2ff4c23be4b3fbfc01f84f00d289d","train_loss","68","1781478154169","0.4078648278537469"
"burly-cow-885","edb2ff4c23be4b3fbfc01f84f00d289d","train_loss","71","1781478154574","0.4080881368464384"
"burly-cow-885","edb2ff4c23be4b3fbfc01f84f00d289d","train_loss","75","1781478155114","0.41324019174163157"
"burly-cow-885","edb2ff4c23be4b3fbfc01f84f00d289d","train_loss","78","1781478155532","0.4115307445709522"
"burly-cow-885","edb2ff4c23be4b3fbfc01f84f00d289d","train_loss","81","1781478155946","0.4093117223909268"
"burly-cow-885","edb2ff4c23be4b3fbfc01f84f00d289d","train_loss","84","1781478156380","0.4109315087971015"
"burly-cow-885","edb2ff4c23be4b3fbfc01f84f00d289d","train_loss","87","1781478156796","0.40875274449204785"
"burly-cow-885","edb2ff4c23be4b3fbfc01f84f00d289d","train_loss","90","1781478157215","0.4138984265617835"
"burly-cow-885","edb2ff4c23be4b3fbfc01f84f00d289d","train_loss","93","1781478157620","0.3943755007707156"
"burly-cow-885","edb2ff4c23be4b3fbfc01f84f00d289d","train_loss","96","1781478158029","0.438192354180874"
"burly-cow-885","edb2ff4c23be4b3fbfc01f84f00d289d","train_loss","100","1781478158571","0.4029800468721451"
"burly-cow-885","edb2ff4c23be4b3fbfc01f84f00d289d","train_loss","103","1781478160004","0.4221530720018424"
"burly-cow-885","edb2ff4c23be4b3fbfc01f84f00d289d","train_loss","106","1781478160429","0.39938913725125486"
"burly-cow-885","edb2ff4c23be4b3fbfc01f84f00d289d","train_loss","109","1781478160850","0.4029823968616816"
"burly-cow-885","edb2ff4c23be4b3fbfc01f84f00d289d","train_loss","112","1781478161258","0.4062363719328856"
"burly-cow-885","edb2ff4c23be4b3fbfc01f84f00d289d","train_loss","115","1781478161659","0.4069473819854932"
"burly-cow-885","edb2ff4c23be4b3fbfc01f84f00d289d","train_loss","118","1781478162069","0.4223976770463662"
"burly-cow-885","edb2ff4c23be4b3fbfc01f84f00d289d","train_loss","121","1781478162466","0.41137309487049395"
"burly-cow-885","edb2ff4c23be4b3fbfc01f84f00d289d","train_loss","125","1781478163047","0.41458271224147236"
"burly-cow-885","edb2ff4c23be4b3fbfc01f84f00d289d","train_loss","128","1781478163494","0.41118025254362667"
"burly-cow-885","edb2ff4c23be4b3fbfc01f84f00d289d","train_loss","131","1781478163918","0.41200984469973123"
"burly-cow-885","edb2ff4c23be4b3fbfc01f84f00d289d","train_loss","134","1781478164328","0.4148984981270937"
"burly-cow-885","edb2ff4c23be4b3fbfc01f84f00d289d","train_loss","137","1781478164770","0.4205149772266547"
"burly-cow-885","edb2ff4c23be4b3fbfc01f84f00d289d","train_loss","140","1781478165187","0.4107012754449478"
"burly-cow-885","edb2ff4c23be4b3fbfc01f84f00d289d","train_loss","143","1781478165610","0.3976780665226472"
"burly-cow-885","edb2ff4c23be4b3fbfc01f84f00d289d","train_loss","146","1781478166048","0.40817966560522717"
"burly-cow-885","edb2ff4c23be4b3fbfc01f84f00d289d","train_loss","150","1781478166611","0.4184961264523176"
"burly-cow-885","edb2ff4c23be4b3fbfc01f84f00d289d","train_loss","153","1781478167059","0.4221726323549564"
"burly-cow-885","edb2ff4c23be4b3fbfc01f84f00d289d","train_loss","156","1781478167512","0.4071482729453307"
"burly-cow-885","edb2ff4c23be4b3fbfc01f84f00d289d","train_loss","159","1781478167987","0.41586743428921086"
"burly-cow-885","edb2ff4c23be4b3fbfc01f84f00d289d","train_loss","162","1781478168434","0.4043079892603251"
"burly-cow-885","edb2ff4c23be4b3fbfc01f84f00d289d","train_loss","165","1781478168854","0.39301499762596226"
"burly-cow-885","edb2ff4c23be4b3fbfc01f84f00d289d","train_loss","168","1781478169287","0.3951853919678774"
"burly-cow-885","edb2ff4c23be4b3fbfc01f84f00d289d","train_loss","171","1781478169741","0.41483665133515996"
"burly-cow-885","edb2ff4c23be4b3fbfc01f84f00d289d","train_loss","175","1781478170359","0.41602588406740093"
"burly-cow-885","edb2ff4c23be4b3fbfc01f84f00d289d","train_loss","178","1781478170804","0.4011123794584702"
"burly-cow-885","edb2ff4c23be4b3fbfc01f84f00d289d","train_loss","181","1781478171211","0.41210193702807796"
"burly-cow-885","edb2ff4c23be4b3fbfc01f84f00d289d","train_loss","184","1781478171610","0.3999766312921659"
"burly-cow-885","edb2ff4c23be4b3fbfc01f84f00d289d","train_loss","187","1781478172063","0.40031781047582626"
"burly-cow-885","edb2ff4c23be4b3fbfc01f84f00d289d","train_loss","190","1781478172470","0.410584849329331"
"burly-cow-885","edb2ff4c23be4b3fbfc01f84f00d289d","train_loss","193","1781478172915","0.42408643768001825"
"burly-cow-885","edb2ff4c23be4b3fbfc01f84f00d289d","train_loss","196","1781478173375","0.4099755010161644"
"burly-cow-885","edb2ff4c23be4b3fbfc01f84f00d289d","train_loss","200","1781478173937","0.41478716410123384"
"burly-cow-885","edb2ff4c23be4b3fbfc01f84f00d289d","train_loss","203","1781478175701","0.4112526571903473"
"burly-cow-885","edb2ff4c23be4b3fbfc01f84f00d289d","train_loss","206","1781478176120","0.41957057639956474"
"burly-cow-885","edb2ff4c23be4b3fbfc01f84f00d289d","train_loss","209","1781478176537","0.41785978850645894"
"burly-cow-885","edb2ff4c23be4b3fbfc01f84f00d289d","train_loss","212","1781478176982","0.4139360618323852"
"burly-cow-885","edb2ff4c23be4b3fbfc01f84f00d289d","train_loss","215","1781478177386","0.40076127610145473"
"burly-cow-885","edb2ff4c23be4b3fbfc01f84f00d289d","train_loss","218","1781478177801","0.40445457226954973"
"burly-cow-885","edb2ff4c23be4b3fbfc01f84f00d289d","train_loss","221","1781478178238","0.406107873775256"
"burly-cow-885","edb2ff4c23be4b3fbfc01f84f00d289d","train_loss","225","1781478178787","0.4186973011073394"
"burly-cow-885","edb2ff4c23be4b3fbfc01f84f00d289d","train_loss","228","1781478179189","0.3901807303803089"
"burly-cow-885","edb2ff4c23be4b3fbfc01f84f00d289d","train_loss","231","1781478179624","0.39871549759155667"
"burly-cow-885","edb2ff4c23be4b3fbfc01f84f00d289d","train_loss","234","1781478180037","0.41678526644141245"
"burly-cow-885","edb2ff4c23be4b3fbfc01f84f00d289d","train_loss","237","1781478180440","0.4054066851161994"
"burly-cow-885","edb2ff4c23be4b3fbfc01f84f00d289d","train_loss","240","1781478180836","0.4035291015528716"
"burly-cow-885","edb2ff4c23be4b3fbfc01f84f00d289d","train_loss","243","1781478181240","0.418863744307787"
"burly-cow-885","edb2ff4c23be4b3fbfc01f84f00d289d","train_loss","246","1781478181641","0.39679177114978814"
"burly-cow-885","edb2ff4c23be4b3fbfc01f84f00d289d","train_loss","250","1781478182186","0.4092524688786421"
"burly-cow-885","edb2ff4c23be4b3fbfc01f84f00d289d","train_loss","253","1781478182627","0.42374028083987725"
"burly-cow-885","edb2ff4c23be4b3fbfc01f84f00d289d","train_loss","256","1781478183032","0.4163246514896552"
"burly-cow-885","edb2ff4c23be4b3fbfc01f84f00d289d","train_loss","259","1781478183443","0.3959354057143896"
"burly-cow-885","edb2ff4c23be4b3fbfc01f84f00d289d","train_loss","262","1781478183877","0.4092678369428867"
"burly-cow-885","edb2ff4c23be4b3fbfc01f84f00d289d","train_loss","265","1781478184360","0.40118989090506846"
"burly-cow-885","edb2ff4c23be4b3fbfc01f84f00d289d","train_loss","268","1781478184810","0.4233854678578866"
"burly-cow-885","edb2ff4c23be4b3fbfc01f84f00d289d","train_loss","271","1781478185244","0.40686512299073047"
"burly-cow-885","edb2ff4c23be4b3fbfc01f84f00d289d","train_loss","275","1781478185800","0.4060775245038363"
"burly-cow-885","edb2ff4c23be4b3fbfc01f84f00d289d","train_loss","278","1781478186223","0.4007249515599165"
"burly-cow-885","edb2ff4c23be4b3fbfc01f84f00d289d","train_loss","281","1781478186651","0.4233073178583231"
"burly-cow-885","edb2ff4c23be4b3fbfc01f84f00d289d","train_loss","284","1781478187083","0.4002699649486786"
"burly-cow-885","edb2ff4c23be4b3fbfc01f84f00d289d","train_loss","287","1781478187497","0.41564358656223005"
"burly-cow-885","edb2ff4c23be4b3fbfc01f84f00d289d","train_loss","290","1781478187926","0.40488699613473356"
"burly-cow-885","edb2ff4c23be4b3fbfc01f84f00d289d","train_loss","293","1781478188378","0.41147063395533806"
"burly-cow-885","edb2ff4c23be4b3fbfc01f84f00d289d","train_loss","296","1781478188797","0.4194736857062731"
"burly-cow-885","edb2ff4c23be4b3fbfc01f84f00d289d","train_loss","300","1781478189388","0.4181289392977189"
"burly-cow-885","edb2ff4c23be4b3fbfc01f84f00d289d","train_loss","303","1781478190823","0.4150566632548968"
"burly-cow-885","edb2ff4c23be4b3fbfc01f84f00d289d","train_loss","306","1781478191227","0.41324640886905867"
"burly-cow-885","edb2ff4c23be4b3fbfc01f84f00d289d","train_loss","309","1781478191635","0.41442348578801524"
"burly-cow-885","edb2ff4c23be4b3fbfc01f84f00d289d","train_loss","312","1781478192067","0.3976129698447692"
"burly-cow-885","edb2ff4c23be4b3fbfc01f84f00d289d","train_loss","315","1781478192469","0.42208535864185065"
"burly-cow-885","edb2ff4c23be4b3fbfc01f84f00d289d","train_loss","318","1781478192874","0.4123573299401846"
"burly-cow-885","edb2ff4c23be4b3fbfc01f84f00d289d","train_loss","321","1781478193276","0.4032662048553809"
"burly-cow-885","edb2ff4c23be4b3fbfc01f84f00d289d","train_loss","325","1781478193820","0.40940234437584877"
"burly-cow-885","edb2ff4c23be4b3fbfc01f84f00d289d","train_loss","328","1781478194228","0.4149798695475627"
"burly-cow-885","edb2ff4c23be4b3fbfc01f84f00d289d","train_loss","331","1781478194660","0.40867540316703993"
"burly-cow-885","edb2ff4c23be4b3fbfc01f84f00d289d","train_loss","334","1781478195102","0.4016355605652699"
"burly-cow-885","edb2ff4c23be4b3fbfc01f84f00d289d","train_loss","337","1781478195507","0.41409284936693996"
"burly-cow-885","edb2ff4c23be4b3fbfc01f84f00d289d","train_loss","340","1781478195925","0.4221510506975345"
"burly-cow-885","edb2ff4c23be4b3fbfc01f84f00d289d","train_loss","343","1781478196331","0.40500984522394645"
"burly-cow-885","edb2ff4c23be4b3fbfc01f84f00d289d","train_loss","346","1781478196758","0.4075319371544398"
"burly-cow-885","edb2ff4c23be4b3fbfc01f84f00d289d","train_loss","350","1781478197316","0.41245229561359453"
"burly-cow-885","edb2ff4c23be4b3fbfc01f84f00d289d","train_loss","353","1781478197724","0.4228929128402319"
"burly-cow-885","edb2ff4c23be4b3fbfc01f84f00d289d","train_loss","356","1781478198197","0.39859072940471846"
"burly-cow-885","edb2ff4c23be4b3fbfc01f84f00d289d","train_loss","359","1781478198600","0.40263519608057463"
"burly-cow-885","edb2ff4c23be4b3fbfc01f84f00d289d","train_loss","362","1781478198995","0.4068411246706278"
"burly-cow-885","edb2ff4c23be4b3fbfc01f84f00d289d","train_loss","365","1781478199418","0.3914387635886669"
"burly-cow-885","edb2ff4c23be4b3fbfc01f84f00d289d","train_loss","368","1781478199821","0.40866154451400805"
"burly-cow-885","edb2ff4c23be4b3fbfc01f84f00d289d","train_loss","371","1781478200228","0.4024388610552519"
"burly-cow-885","edb2ff4c23be4b3fbfc01f84f00d289d","train_loss","375","1781478200761","0.40020170903358704"
"burly-cow-885","edb2ff4c23be4b3fbfc01f84f00d289d","train_loss","378","1781478201193","0.40074799123864907"
"burly-cow-885","edb2ff4c23be4b3fbfc01f84f00d289d","train_loss","381","1781478201610","0.40156467574147076"
"burly-cow-885","edb2ff4c23be4b3fbfc01f84f00d289d","train_loss","384","1781478202015","0.4099222986170879"
"burly-cow-885","edb2ff4c23be4b3fbfc01f84f00d289d","train_loss","387","1781478202417","0.40327300255497295"
"burly-cow-885","edb2ff4c23be4b3fbfc01f84f00d289d","train_loss","390","1781478202826","0.40537691574830276"
"burly-cow-885","edb2ff4c23be4b3fbfc01f84f00d289d","train_loss","393","1781478203245","0.4002843304322316"
"burly-cow-885","edb2ff4c23be4b3fbfc01f84f00d289d","train_loss","396","1781478203637","0.3996601468668534"
"burly-cow-885","edb2ff4c23be4b3fbfc01f84f00d289d","train_loss","400","1781478204186","0.4052089817630939"
"burly-cow-885","edb2ff4c23be4b3fbfc01f84f00d289d","train_loss","403","1781478205669","0.4056232486588833"
"burly-cow-885","edb2ff4c23be4b3fbfc01f84f00d289d","train_loss","406","1781478206083","0.3948584441573192"
"burly-cow-885","edb2ff4c23be4b3fbfc01f84f00d289d","train_loss","409","1781478206489","0.4138319334731652"
"burly-cow-885","edb2ff4c23be4b3fbfc01f84f00d289d","train_loss","412","1781478206924","0.40727521077944684"
"burly-cow-885","edb2ff4c23be4b3fbfc01f84f00d289d","train_loss","415","1781478207352","0.4076944212309825"
"burly-cow-885","edb2ff4c23be4b3fbfc01f84f00d289d","train_loss","418","1781478207764","0.4119425869713991"
"burly-cow-885","edb2ff4c23be4b3fbfc01f84f00d289d","train_loss","421","1781478208198","0.4089469127357006"
"burly-cow-885","edb2ff4c23be4b3fbfc01f84f00d289d","train_loss","425","1781478208750","0.41280365630220145"
"burly-cow-885","edb2ff4c23be4b3fbfc01f84f00d289d","train_loss","428","1781478209143","0.3953551238354964"
"burly-cow-885","edb2ff4c23be4b3fbfc01f84f00d289d","train_loss","431","1781478209558","0.4084106092460645"
"burly-cow-885","edb2ff4c23be4b3fbfc01f84f00d289d","train_loss","434","1781478209960","0.40303630200334084"
"burly-cow-885","edb2ff4c23be4b3fbfc01f84f00d289d","train_loss","437","1781478210354","0.413531644986226"
"burly-cow-885","edb2ff4c23be4b3fbfc01f84f00d289d","train_loss","440","1781478210753","0.3926179540845064"
"burly-cow-885","edb2ff4c23be4b3fbfc01f84f00d289d","train_loss","443","1781478211155","0.41087986500217366"
"burly-cow-885","edb2ff4c23be4b3fbfc01f84f00d289d","train_loss","446","1781478211565","0.41663545542038405"
"burly-cow-885","edb2ff4c23be4b3fbfc01f84f00d289d","train_loss","450","1781478212102","0.4015169074902168"
"burly-cow-885","edb2ff4c23be4b3fbfc01f84f00d289d","train_loss","453","1781478212499","0.3927232028964238"
"burly-cow-885","edb2ff4c23be4b3fbfc01f84f00d289d","train_loss","456","1781478212892","0.42026359740740216"
"burly-cow-885","edb2ff4c23be4b3fbfc01f84f00d289d","train_loss","459","1781478213305","0.4040734268342837"
"burly-cow-885","edb2ff4c23be4b3fbfc01f84f00d289d","train_loss","462","1781478213742","0.4134262315928936"
"burly-cow-885","edb2ff4c23be4b3fbfc01f84f00d289d","train_loss","465","1781478214189","0.4107873977567905"
"burly-cow-885","edb2ff4c23be4b3fbfc01f84f00d289d","train_loss","468","1781478214603","0.40197904474842244"
"burly-cow-885","edb2ff4c23be4b3fbfc01f84f00d289d","train_loss","471","1781478215019","0.4066708671549956"
"burly-cow-885","edb2ff4c23be4b3fbfc01f84f00d289d","train_loss","475","1781478215556","0.40500189774693585"
"burly-cow-885","edb2ff4c23be4b3fbfc01f84f00d289d","train_loss","478","1781478215949","0.41612022379652047"
"burly-cow-885","edb2ff4c23be4b3fbfc01f84f00d289d","train_loss","481","1781478216382","0.41573833721952563"
"burly-cow-885","edb2ff4c23be4b3fbfc01f84f00d289d","train_loss","484","1781478216798","0.40707118618182647"
"burly-cow-885","edb2ff4c23be4b3fbfc01f84f00d289d","train_loss","487","1781478217198","0.3917807808671242"
"burly-cow-885","edb2ff4c23be4b3fbfc01f84f00d289d","train_loss","490","1781478217603","0.4126454768463587"
"burly-cow-885","edb2ff4c23be4b3fbfc01f84f00d289d","train_loss","493","1781478218014","0.4058088291531954"
"burly-cow-885","edb2ff4c23be4b3fbfc01f84f00d289d","train_loss","496","1781478218405","0.40586159750819206"
"burly-cow-885","edb2ff4c23be4b3fbfc01f84f00d289d","train_loss","500","1781478218960","0.39669432271367466"
"burly-cow-885","edb2ff4c23be4b3fbfc01f84f00d289d","train_loss","503","1781478220335","0.41978004364631116"
"burly-cow-885","edb2ff4c23be4b3fbfc01f84f00d289d","train_loss","506","1781478220756","0.41294292417856365"
"burly-cow-885","edb2ff4c23be4b3fbfc01f84f00d289d","train_loss","509","1781478221182","0.4075977331361709"
"burly-cow-885","edb2ff4c23be4b3fbfc01f84f00d289d","train_loss","512","1781478221606","0.41588238005836803"
"burly-cow-885","edb2ff4c23be4b3fbfc01f84f00d289d","train_loss","515","1781478222027","0.40966470396289456"
"burly-cow-885","edb2ff4c23be4b3fbfc01f84f00d289d","train_loss","518","1781478222423","0.40583333411277867"
"burly-cow-885","edb2ff4c23be4b3fbfc01f84f00d289d","train_loss","521","1781478222823","0.3970596002271542"
"burly-cow-885","edb2ff4c23be4b3fbfc01f84f00d289d","train_loss","525","1781478223764","0.4012384511148318"
"burly-cow-885","edb2ff4c23be4b3fbfc01f84f00d289d","train_loss","528","1781478224170","0.4032740051356646"
"burly-cow-885","edb2ff4c23be4b3fbfc01f84f00d289d","train_loss","531","1781478224580","0.41189960485849625"
"burly-cow-885","edb2ff4c23be4b3fbfc01f84f00d289d","train_loss","534","1781478224983","0.40003222446793163"
"burly-cow-885","edb2ff4c23be4b3fbfc01f84f00d289d","train_loss","537","1781478225394","0.4040837617447743"
"burly-cow-885","edb2ff4c23be4b3fbfc01f84f00d289d","train_loss","540","1781478225808","0.39957590725941533"
"burly-cow-885","edb2ff4c23be4b3fbfc01f84f00d289d","train_loss","543","1781478226217","0.4043563309197242"
"burly-cow-885","edb2ff4c23be4b3fbfc01f84f00d289d","train_loss","546","1781478226643","0.3973470386595298"
"burly-cow-885","edb2ff4c23be4b3fbfc01f84f00d289d","train_loss","550","1781478227189","0.4138253345512427"
"burly-cow-885","edb2ff4c23be4b3fbfc01f84f00d289d","train_loss","553","1781478227600","0.39011928997933865"
"burly-cow-885","edb2ff4c23be4b3fbfc01f84f00d289d","train_loss","556","1781478228001","0.40131604958039063"
"burly-cow-885","edb2ff4c23be4b3fbfc01f84f00d289d","train_loss","559","1781478228418","0.4040587123196859"
"burly-cow-885","edb2ff4c23be4b3fbfc01f84f00d289d","train_loss","562","1781478228832","0.4037084644421553"
"burly-cow-885","edb2ff4c23be4b3fbfc01f84f00d289d","train_loss","565","1781478229363","0.4009294673227347"
"burly-cow-885","edb2ff4c23be4b3fbfc01f84f00d289d","train_loss","568","1781478229766","0.40271939747990704"
"burly-cow-885","edb2ff4c23be4b3fbfc01f84f00d289d","train_loss","571","1781478230168","0.3976490363860742"
"burly-cow-885","edb2ff4c23be4b3fbfc01f84f00d289d","train_loss","575","1781478230701","0.41317329230981"
"burly-cow-885","edb2ff4c23be4b3fbfc01f84f00d289d","train_loss","578","1781478231090","0.4164321747345802"
"burly-cow-885","edb2ff4c23be4b3fbfc01f84f00d289d","train_loss","581","1781478231482","0.41640108451247215"
"burly-cow-885","edb2ff4c23be4b3fbfc01f84f00d289d","train_loss","584","1781478231887","0.416107917825381"
"burly-cow-885","edb2ff4c23be4b3fbfc01f84f00d289d","train_loss","587","1781478232282","0.40155626766574687"
"burly-cow-885","edb2ff4c23be4b3fbfc01f84f00d289d","train_loss","590","1781478232679","0.417819999731504"
"burly-cow-885","edb2ff4c23be4b3fbfc01f84f00d289d","train_loss","593","1781478233074","0.3942682606478532"
"burly-cow-885","edb2ff4c23be4b3fbfc01f84f00d289d","train_loss","596","1781478233469","0.4041453590377783"
"burly-cow-885","edb2ff4c23be4b3fbfc01f84f00d289d","train_loss","600","1781478233996","0.40544917205205333"
"burly-cow-885","edb2ff4c23be4b3fbfc01f84f00d289d","train_loss","603","1781478235419","0.3938477034561145"
"burly-cow-885","edb2ff4c23be4b3fbfc01f84f00d289d","train_loss","606","1781478235836","0.42772345626965547"
"burly-cow-885","edb2ff4c23be4b3fbfc01f84f00d289d","train_loss","609","1781478236234","0.4000925009067242"
"burly-cow-885","edb2ff4c23be4b3fbfc01f84f00d289d","train_loss","612","1781478236635","0.3988516296331699"
"burly-cow-885","edb2ff4c23be4b3fbfc01f84f00d289d","train_loss","615","1781478237035","0.4125152406975245"
"burly-cow-885","edb2ff4c23be4b3fbfc01f84f00d289d","train_loss","618","1781478237428","0.39841357379769665"
"burly-cow-885","edb2ff4c23be4b3fbfc01f84f00d289d","train_loss","621","1781478237825","0.40179019230298507"
"burly-cow-885","edb2ff4c23be4b3fbfc01f84f00d289d","train_loss","625","1781478238392","0.40151633608799714"
"burly-cow-885","edb2ff4c23be4b3fbfc01f84f00d289d","train_loss","628","1781478238817","0.400354704222618"
"burly-cow-885","edb2ff4c23be4b3fbfc01f84f00d289d","train_loss","631","1781478239263","0.392749125090165"
"burly-cow-885","edb2ff4c23be4b3fbfc01f84f00d289d","train_loss","634","1781478239716","0.41568876888889533"
"burly-cow-885","edb2ff4c23be4b3fbfc01f84f00d289d","train_loss","637","1781478240161","0.40185113881643003"
"burly-cow-885","edb2ff4c23be4b3fbfc01f84f00d289d","train_loss","640","1781478240565","0.392043741276631"
"burly-cow-885","edb2ff4c23be4b3fbfc01f84f00d289d","train_loss","643","1781478240983","0.40857126783484066"
"burly-cow-885","edb2ff4c23be4b3fbfc01f84f00d289d","train_loss","646","1781478241418","0.4092835672199726"
"burly-cow-885","edb2ff4c23be4b3fbfc01f84f00d289d","train_loss","650","1781478241967","0.39920046104070467"
"burly-cow-885","edb2ff4c23be4b3fbfc01f84f00d289d","train_loss","653","1781478242393","0.41343382889261615"
"burly-cow-885","edb2ff4c23be4b3fbfc01f84f00d289d","train_loss","656","1781478242821","0.40625714300534665"
"burly-cow-885","edb2ff4c23be4b3fbfc01f84f00d289d","train_loss","659","1781478243232","0.4021948897876801"
"burly-cow-885","edb2ff4c23be4b3fbfc01f84f00d289d","train_loss","662","1781478243672","0.3943686833939491"
"burly-cow-885","edb2ff4c23be4b3fbfc01f84f00d289d","train_loss","665","1781478244089","0.41410431122550595"
"burly-cow-885","edb2ff4c23be4b3fbfc01f84f00d289d","train_loss","668","1781478244491","0.4054279023638138"
"burly-cow-885","edb2ff4c23be4b3fbfc01f84f00d289d","train_loss","671","1781478244916","0.40069306469880617"
"burly-cow-885","edb2ff4c23be4b3fbfc01f84f00d289d","train_loss","675","1781478245478","0.4081558327262218"
"burly-cow-885","edb2ff4c23be4b3fbfc01f84f00d289d","train_loss","678","1781478245881","0.4013005913450168"
"burly-cow-885","edb2ff4c23be4b3fbfc01f84f00d289d","train_loss","681","1781478246295","0.40382799162314487"
"burly-cow-885","edb2ff4c23be4b3fbfc01f84f00d289d","train_loss","684","1781478246730","0.4119043944355769"
"burly-cow-885","edb2ff4c23be4b3fbfc01f84f00d289d","train_loss","687","1781478247130","0.40911553647273624"
"burly-cow-885","edb2ff4c23be4b3fbfc01f84f00d289d","train_loss","690","1781478247524","0.42439714742776674"
"burly-cow-885","edb2ff4c23be4b3fbfc01f84f00d289d","train_loss","693","1781478247938","0.41163205546446335"
"burly-cow-885","edb2ff4c23be4b3fbfc01f84f00d289d","train_loss","696","1781478248358","0.40240337499059164"
"burly-cow-885","edb2ff4c23be4b3fbfc01f84f00d289d","train_loss","700","1781478248965","0.3951487635763792"
"burly-cow-885","edb2ff4c23be4b3fbfc01f84f00d289d","train_loss","703","1781478250459","0.41637216785397285"
"burly-cow-885","edb2ff4c23be4b3fbfc01f84f00d289d","train_loss","706","1781478250885","0.40793343986838293"
"burly-cow-885","edb2ff4c23be4b3fbfc01f84f00d289d","train_loss","709","1781478251331","0.4325736736257871"
"burly-cow-885","edb2ff4c23be4b3fbfc01f84f00d289d","train_loss","712","1781478251752","0.3999813680465405"
"burly-cow-885","edb2ff4c23be4b3fbfc01f84f00d289d","train_loss","715","1781478252193","0.4138526611794264"
"burly-cow-885","edb2ff4c23be4b3fbfc01f84f00d289d","train_loss","718","1781478252629","0.39119080998576605"
"burly-cow-885","edb2ff4c23be4b3fbfc01f84f00d289d","train_loss","721","1781478253074","0.4077724111385835"
"burly-cow-885","edb2ff4c23be4b3fbfc01f84f00d289d","train_loss","725","1781478253637","0.39824342020811176"
"burly-cow-885","edb2ff4c23be4b3fbfc01f84f00d289d","train_loss","728","1781478254063","0.40983524956764317"
"burly-cow-885","edb2ff4c23be4b3fbfc01f84f00d289d","train_loss","731","1781478254531","0.39766305828323734"
"burly-cow-885","edb2ff4c23be4b3fbfc01f84f00d289d","train_loss","734","1781478255000","0.3989273213232175"
"burly-cow-885","edb2ff4c23be4b3fbfc01f84f00d289d","train_loss","737","1781478255409","0.411924741207025"
"burly-cow-885","edb2ff4c23be4b3fbfc01f84f00d289d","train_loss","740","1781478255896","0.409851332505544"
"burly-cow-885","edb2ff4c23be4b3fbfc01f84f00d289d","train_loss","743","1781478256307","0.4229688538381687"
"burly-cow-885","edb2ff4c23be4b3fbfc01f84f00d289d","train_loss","746","1781478256723","0.39509379462553906"
"burly-cow-885","edb2ff4c23be4b3fbfc01f84f00d289d","train_loss","750","1781478257266","0.4048133718852813"
"burly-cow-885","edb2ff4c23be4b3fbfc01f84f00d289d","train_loss","753","1781478257662","0.4107087716842309"
"burly-cow-885","edb2ff4c23be4b3fbfc01f84f00d289d","train_loss","756","1781478258058","0.3900721469559731"
"burly-cow-885","edb2ff4c23be4b3fbfc01f84f00d289d","train_loss","759","1781478258450","0.40603918973834086"
"burly-cow-885","edb2ff4c23be4b3fbfc01f84f00d289d","train_loss","762","1781478258834","0.3991965994429894"
"burly-cow-885","edb2ff4c23be4b3fbfc01f84f00d289d","train_loss","765","1781478259236","0.4088959703460718"
"burly-cow-885","edb2ff4c23be4b3fbfc01f84f00d289d","train_loss","768","1781478259652","0.4012826582751213"
"burly-cow-885","edb2ff4c23be4b3fbfc01f84f00d289d","train_loss","771","1781478260061","0.4051606764013951"
"burly-cow-885","edb2ff4c23be4b3fbfc01f84f00d289d","train_loss","775","1781478260591","0.4396549934186997"
"burly-cow-885","edb2ff4c23be4b3fbfc01f84f00d289d","train_loss","778","1781478260986","0.4119087599026851"
"burly-cow-885","edb2ff4c23be4b3fbfc01f84f00d289d","train_loss","781","1781478261377","0.400025910196396"
"burly-cow-885","edb2ff4c23be4b3fbfc01f84f00d289d","train_loss","784","1781478261776","0.4060502198453133"
"burly-cow-885","edb2ff4c23be4b3fbfc01f84f00d289d","train_loss","787","1781478262174","0.42414898893389946"
"burly-cow-885","edb2ff4c23be4b3fbfc01f84f00d289d","train_loss","790","1781478262555","0.4040075044792432"
"burly-cow-885","edb2ff4c23be4b3fbfc01f84f00d289d","train_loss","793","1781478262937","0.41375522458782565"
"burly-cow-885","edb2ff4c23be4b3fbfc01f84f00d289d","train_loss","796","1781478263319","0.40262355024998003"
"burly-cow-885","edb2ff4c23be4b3fbfc01f84f00d289d","train_loss","800","1781478263828","0.4059666788730866"
"burly-cow-885","edb2ff4c23be4b3fbfc01f84f00d289d","train_loss","803","1781478265123","0.40434801998810893"
"burly-cow-885","edb2ff4c23be4b3fbfc01f84f00d289d","train_loss","806","1781478265512","0.39333616588742304"
"burly-cow-885","edb2ff4c23be4b3fbfc01f84f00d289d","train_loss","809","1781478265899","0.40149634207288426"
"burly-cow-885","edb2ff4c23be4b3fbfc01f84f00d289d","train_loss","812","1781478266284","0.4107111561565827"
"burly-cow-885","edb2ff4c23be4b3fbfc01f84f00d289d","train_loss","815","1781478266694","0.4012481422187426"
"burly-cow-885","edb2ff4c23be4b3fbfc01f84f00d289d","train_loss","818","1781478267095","0.4264592130978902"
"burly-cow-885","edb2ff4c23be4b3fbfc01f84f00d289d","train_loss","821","1781478267490","0.4220104876619119"
"burly-cow-885","edb2ff4c23be4b3fbfc01f84f00d289d","train_loss","825","1781478268081","0.4028321313552367"
"burly-cow-885","edb2ff4c23be4b3fbfc01f84f00d289d","train_loss","828","1781478268473","0.4013939674657125"
"burly-cow-885","edb2ff4c23be4b3fbfc01f84f00d289d","train_loss","831","1781478268870","0.4094567033342826"
"burly-cow-885","edb2ff4c23be4b3fbfc01f84f00d289d","train_loss","834","1781478269276","0.40323391088690513"
"burly-cow-885","edb2ff4c23be4b3fbfc01f84f00d289d","train_loss","837","1781478269681","0.42514777307709056"
"burly-cow-885","edb2ff4c23be4b3fbfc01f84f00d289d","train_loss","840","1781478270063","0.4072568365969719"
"burly-cow-885","edb2ff4c23be4b3fbfc01f84f00d289d","train_loss","843","1781478270458","0.4054282503441358"
"burly-cow-885","edb2ff4c23be4b3fbfc01f84f00d289d","train_loss","846","1781478270857","0.4196043339295265"
"burly-cow-885","edb2ff4c23be4b3fbfc01f84f00d289d","train_loss","850","1781478271374","0.4039312972663305"
"burly-cow-885","edb2ff4c23be4b3fbfc01f84f00d289d","train_loss","853","1781478271763","0.39310832388508016"
"burly-cow-885","edb2ff4c23be4b3fbfc01f84f00d289d","train_loss","856","1781478272161","0.4069704975073154"
"burly-cow-885","edb2ff4c23be4b3fbfc01f84f00d289d","train_loss","859","1781478272558","0.39273361126199746"
"burly-cow-885","edb2ff4c23be4b3fbfc01f84f00d289d","train_loss","862","1781478272961","0.3912245637904375"
"burly-cow-885","edb2ff4c23be4b3fbfc01f84f00d289d","train_loss","865","1781478273361","0.4078038623317694"
"burly-cow-885","edb2ff4c23be4b3fbfc01f84f00d289d","train_loss","868","1781478273761","0.4129321303887245"
"burly-cow-885","edb2ff4c23be4b3fbfc01f84f00d289d","train_loss","871","1781478274151","0.4104365777128782"
"burly-cow-885","edb2ff4c23be4b3fbfc01f84f00d289d","train_loss","875","1781478274668","0.39329985624704605"
"burly-cow-885","edb2ff4c23be4b3fbfc01f84f00d289d","train_loss","878","1781478275049","0.41669334624058163"
"burly-cow-885","edb2ff4c23be4b3fbfc01f84f00d289d","train_loss","881","1781478275459","0.39877807625975364"
"burly-cow-885","edb2ff4c23be4b3fbfc01f84f00d289d","train_loss","884","1781478275849","0.406183755168548"
"burly-cow-885","edb2ff4c23be4b3fbfc01f84f00d289d","train_loss","887","1781478276244","0.4174806945599042"
"burly-cow-885","edb2ff4c23be4b3fbfc01f84f00d289d","train_loss","890","1781478276644","0.4144242007571917"
"burly-cow-885","edb2ff4c23be4b3fbfc01f84f00d289d","train_loss","893","1781478277041","0.4035320579050443"
"burly-cow-885","edb2ff4c23be4b3fbfc01f84f00d289d","train_loss","896","1781478277439","0.39352787352907354"
"burly-cow-885","edb2ff4c23be4b3fbfc01f84f00d289d","train_loss","900","1781478277962","0.4019343772759804"
"burly-cow-885","edb2ff4c23be4b3fbfc01f84f00d289d","train_loss","903","1781478279760","0.3959631808102131"
"burly-cow-885","edb2ff4c23be4b3fbfc01f84f00d289d","train_loss","906","1781478280140","0.4094852952238841"
"burly-cow-885","edb2ff4c23be4b3fbfc01f84f00d289d","train_loss","909","1781478280531","0.4074164684384297"
"burly-cow-885","edb2ff4c23be4b3fbfc01f84f00d289d","train_loss","912","1781478280924","0.3927238540580639"
"burly-cow-885","edb2ff4c23be4b3fbfc01f84f00d289d","train_loss","915","1781478281308","0.40489781714784795"
"burly-cow-885","edb2ff4c23be4b3fbfc01f84f00d289d","train_loss","918","1781478281694","0.4094279062671539"
"burly-cow-885","edb2ff4c23be4b3fbfc01f84f00d289d","train_loss","921","1781478282086","0.3968703114451506"
"burly-cow-885","edb2ff4c23be4b3fbfc01f84f00d289d","train_loss","925","1781478282606","0.41718547753034496"
"burly-cow-885","edb2ff4c23be4b3fbfc01f84f00d289d","train_loss","928","1781478282999","0.3931898663823421"
"burly-cow-885","edb2ff4c23be4b3fbfc01f84f00d289d","train_loss","931","1781478283394","0.4156988023374325"
"burly-cow-885","edb2ff4c23be4b3fbfc01f84f00d289d","train_loss","934","1781478283789","0.41177351027727127"
"burly-cow-885","edb2ff4c23be4b3fbfc01f84f00d289d","train_loss","937","1781478284179","0.3925514910847713"
"burly-cow-885","edb2ff4c23be4b3fbfc01f84f00d289d","train_loss","940","1781478284575","0.3917839181346771"
"burly-cow-885","edb2ff4c23be4b3fbfc01f84f00d289d","train_loss","943","1781478284981","0.42240571555418843"
"burly-cow-885","edb2ff4c23be4b3fbfc01f84f00d289d","train_loss","946","1781478285370","0.3941781514157087"
"burly-cow-885","edb2ff4c23be4b3fbfc01f84f00d289d","train_loss","950","1781478285898","0.40609403460835797"
"burly-cow-885","edb2ff4c23be4b3fbfc01f84f00d289d","train_loss","953","1781478286319","0.42012390819115514"
"burly-cow-885","edb2ff4c23be4b3fbfc01f84f00d289d","train_loss","956","1781478286716","0.4180852905488931"
"burly-cow-885","edb2ff4c23be4b3fbfc01f84f00d289d","train_loss","959","1781478287122","0.40044696896504134"
"burly-cow-885","edb2ff4c23be4b3fbfc01f84f00d289d","train_loss","962","1781478287505","0.4026864367799881"
"burly-cow-885","edb2ff4c23be4b3fbfc01f84f00d289d","train_loss","965","1781478287898","0.41520267973343533"
"burly-cow-885","edb2ff4c23be4b3fbfc01f84f00d289d","train_loss","968","1781478288288","0.4176557379273268"
"burly-cow-885","edb2ff4c23be4b3fbfc01f84f00d289d","train_loss","971","1781478288675","0.39426963604413545"
"burly-cow-885","edb2ff4c23be4b3fbfc01f84f00d289d","train_loss","975","1781478289211","0.39379200291557187"
"burly-cow-885","edb2ff4c23be4b3fbfc01f84f00d289d","train_loss","978","1781478289606","0.4327612081781412"
"burly-cow-885","edb2ff4c23be4b3fbfc01f84f00d289d","train_loss","981","1781478289997","0.40486002694337797"
"burly-cow-885","edb2ff4c23be4b3fbfc01f84f00d289d","train_loss","984","1781478290387","0.39677311384525055"
"burly-cow-885","edb2ff4c23be4b3fbfc01f84f00d289d","train_loss","987","1781478290772","0.405549462693624"
"burly-cow-885","edb2ff4c23be4b3fbfc01f84f00d289d","train_loss","990","1781478291173","0.40637357150897"
"burly-cow-885","edb2ff4c23be4b3fbfc01f84f00d289d","train_loss","993","1781478291595","0.40374081237958026"
"burly-cow-885","edb2ff4c23be4b3fbfc01f84f00d289d","train_loss","996","1781478292002","0.40876658260822296"
"burly-cow-885","edb2ff4c23be4b3fbfc01f84f00d289d","train_loss","999","1781478292385","0.39957836776589734"
